NO,SEKTOR,JENIS_IZIN,BULAN,JUMLAH
1,KESEHATAN,IZIN PRAKTIK BIDAN,JANUARI,25.0
2,KESEHATAN,IZIN PRAKTIK PERAWAT,JANUARI,177.0
3,KESEHATAN,IZIN PRAKTIK TERAPIS GIGI DAN MULUT ,JANUARI,4.0
4,KESEHATAN,IZIN PRAKTIK PERAWAT SPESIALIS,JANUARI,0.0
5,KESEHATAN,IZIN PRAKTIK TENAGA KEFARMASIAN,JANUARI,22.0
6,KESEHATAN,IZIN PRAKTIK FISIOTERAPIS,JANUARI,9.0
7,KESEHATAN,IZIN PRAKTIK RADIOGRAFER,JANUARI,3.0
8,KESEHATAN,IZIN PRAKTIK REFRAKSIONIS OPTISIEN,JANUARI,2.0
9,KESEHATAN,IZIN PRAKTIK OKUPASI TERAPIS ,JANUARI,1.0
10,KESEHATAN,IZIN PRAKTIK TERAPIS WICARA,JANUARI,4.0
11,KESEHATAN,IZIN PRAKTIK APOTEKER,JANUARI,48.0
12,KESEHATAN,IZIN PRAKTIK SANITARIAN/ TENAGA SANITASI LINGKUNGAN,JANUARI,3.0
13,KESEHATAN,IZIN PRAKTIK AHLI TEKNOLOGI LABORATORIUM MEDIK ,JANUARI,11.0
14,KESEHATAN,IZIN PRAKTIK PSIKOLOGIS KLINIS,JANUARI,8.0
15,KESEHATAN,IZIN PRAKTIK PEREKAM MEDIS DAN INFORMASI,JANUARI,10.0
16,KESEHATAN,IZIN PRAKTIK DOKTER UMUM,JANUARI,30.0
17,KESEHATAN,IZIN PRAKTIK DOKTER GIGI,JANUARI,12.0
18,KESEHATAN,IZIN PRAKTIK DOKTER SPESIALIS,JANUARI,41.0
19,KESEHATAN,IZIN PRAKTIK DOKTER SPESIALIS GIGI,JANUARI,9.0
20,KESEHATAN,IZIN PRAKTIK LAYANAN DARAH/ TRANSFUSI,JANUARI,2.0
21,KESEHATAN,IZIN PRAKTIK ELEKTROMEDIS,JANUARI,3.0
22,KESEHATAN,IZIN PRAKTIK / KERJA TENAGA GIZI,JANUARI,2.0
23,KESEHATAN,IZIN PRAKTIK PENATA ANESTESI,JANUARI,1.0
24,KESEHATAN,TEKNISI GIGI,JANUARI,0.0
25,KESEHATAN,ORTOTIK PROSTETIK,JANUARI,0.0
26,KESEHATAN,RADIOTERAPIS,JANUARI,0.0
27,KESEHATAN,AKUPUNKTUR,JANUARI,0.0
28,KESEHATAN,EPIDEMIOLOG KESEHATAN,JANUARI,0.0
29,KESEHATAN,TENAGA PROMOSI KESEHATAN DAN ILMU PERILAKU,JANUARI,0.0
30,KESEHATAN,PEMBIMBING KESEHATAN KERJA,JANUARI,0.0
31,KESEHATAN,TENAGA ADMINISTRASI DAN KEBIJAKAN KESEHATAN,JANUARI,0.0
32,KESEHATAN,TENAGA BIOSTATISTIK DAN KEPENDUDUKAN,JANUARI,0.0
33,KESEHATAN,TENAGA KESEHATAN REPRODUKSI DAN KELUARGA,JANUARI,0.0
34,KESEHATAN,ENTOMOLOG KESEHATAN,JANUARI,0.0
35,KESEHATAN,MIKROBIOLOG KESEHATAN,JANUARI,0.0
36,KESEHATAN,TEKNIS KARDIOVASKULER,JANUARI,0.0
37,KESEHATAN,AUDIOLOGIS,JANUARI,0.0
38,KESEHATAN,FISIKAWAN MEDIK,JANUARI,0.0
39,KESEHATAN,TENAGA KESEHATAN TRADISIONAL RAMUAN,JANUARI,0.0
40,KESEHATAN,TENAGA KESEHATAN TRADISIONAL KETRAMPILAN,JANUARI,0.0
41,KESEHATAN,IZIN PRAKTIK PERAWAT GIGI,JANUARI,0.0
42,PERTANIAN,IZIN PRAKTEK DOKTER HEWAN WARGA NEGARA INDONESIA,JANUARI,3.0
43,PERTANIAN,IZIN PRAKTEK DOKTER HEWAN WARGA NEGARA ASING,JANUARI,0.0
44,PERTANIAN,IZIN PRAKTEK PARAMEDIK VETERINER KESEHATAN HEWAN,JANUARI,0.0
45,PERTANIAN,IZIN  PRAKTIK PARAMEDIK INSEMINATOR  ,JANUARI,0.0
46,PERTANIAN,IZIN PRAKTEK PARAMEDIK VETERINER PEMERIKSAAN KEBUNTINGAN,JANUARI,0.0
47,PERTANIAN,IZIN PRAKTEK PARAMEDIK VETERINER ASISTEN TEKNIS REPRODUKSI,JANUARI,0.0
48,PERTANIAN,SURAT KETERANGAN PEMENUHAN TEMPAT PRAKTIK DOKTER HEWAN,JANUARI,0.0
49,PENDIDIKAN,"IZIN PENDIRIAN SATUAN PENDIDIKAN NON FORMAL (TPA, SPS, KB, BIMBEL, LKP, TK)",JANUARI,5.0
50,PENDIDIKAN,"IZIN PENDIRIAN SATUAN PENDIDIKAN (SD,SMP)",JANUARI,0.0
51,PENDIDIKAN,IZIN KULIAH KERJA NYATA,JANUARI,2.0
52,PENDIDIKAN,SURAT KETERANGAN PENELITIAN,JANUARI,0.0
53,TATA RUANG,KONFIRMASI KKPR NON BERUSAHA,JANUARI,83.0
54,TATA RUANG,PERSETUJUAN KKPR NON BERUSAHA,JANUARI,10.0
55,TATA RUANG,PEMUTAKHIRAN KONFIRMASI KKPR,JANUARI,0.0
56,TATA RUANG,KETERANGAN RENCANA KABUPATEN,JANUARI,85.0
57,PEKERJAAN UMUM,IZIN MENGGUNAKAN RUANG MILIK JALAN UNTUK UTILITAS/MEDIA IKLAN/JALAN MASUK (IN GANG),JANUARI,5.0
58,PEKERJAAN UMUM,IZIN PENUTUPAN SALURAN DRAINASE,JANUARI,4.0
59,PEKERJAAN UMUM,IZIN PENUTUPAN SALURAN IRIGASI DAN SEMPADAN SALURAN IRIGASI,JANUARI,7.0
60,PEKERJAAN UMUM,IZIN PEMINDAHAN SALURAN IRIGASI,JANUARI,0.0
61,PEKERJAAN UMUM,IZIN REKLAME,JANUARI,0.0
62,PEKERJAAN UMUM,PERSETUJUAN BANGUNAN GEDUNG,JANUARI,72.0
63,PERHUBUNGAN,IZIN PENYELENGGARAAN FASILITAS PARKIR (RETRIBUSI PARKIR),JANUARI,0.0
64,PERHUBUNGAN,IZIN TRAYEK,JANUARI,0.0
65,SOSIAL,TANDA DAFTAR LEMBAGA KESEJAHTERAAN SOSIAL,JANUARI,3.0
66,TENAGA KERJA,TANDA DAFTAR BURSA KERJA KHUSUS,JANUARI,1.0
67,LINGKUNGAN HIDUP,IZIN SAMBUNGAN RUMAH AIR LIMBAH DOMESTIK,JANUARI,0.0
68,PERDAGANGAN,TANDA DAFTAR GUDANG,JANUARI,0.0
69,PERDAGANGAN,SIUPMB GOL B DAN C,JANUARI,0.0
70,PERDAGANGAN,SURAT KETERANGAN PENDIRIAN TOKO SWALAYAN,JANUARI,2.0
J  U  M  L  A  H,,,JANUARI,709.0
1,KESEHATAN,IZIN PRAKTIK BIDAN,FEBRUARI,25.0
2,KESEHATAN,IZIN PRAKTIK PERAWAT,FEBRUARI,127.0
3,KESEHATAN,IZIN PRAKTIK TERAPIS GIGI DAN MULUT ,FEBRUARI,14.0
4,KESEHATAN,IZIN PRAKTIK PERAWAT SPESIALIS,FEBRUARI,0.0
5,KESEHATAN,IZIN PRAKTIK TENAGA KEFARMASIAN,FEBRUARI,25.0
6,KESEHATAN,IZIN PRAKTIK FISIOTERAPIS,FEBRUARI,6.0
7,KESEHATAN,IZIN PRAKTIK RADIOGRAFER,FEBRUARI,8.0
8,KESEHATAN,IZIN PRAKTIK REFRAKSIONIS OPTISIEN,FEBRUARI,2.0
9,KESEHATAN,IZIN PRAKTIK OKUPASI TERAPIS ,FEBRUARI,0.0
10,KESEHATAN,IZIN PRAKTIK TERAPIS WICARA,FEBRUARI,1.0
11,KESEHATAN,IZIN PRAKTIK APOTEKER,FEBRUARI,48.0
12,KESEHATAN,IZIN PRAKTIK SANITARIAN/ TENAGA SANITASI LINGKUNGAN,FEBRUARI,2.0
13,KESEHATAN,IZIN PRAKTIK AHLI TEKNOLOGI LABORATORIUM MEDIK ,FEBRUARI,5.0
14,KESEHATAN,IZIN PRAKTIK PSIKOLOGIS KLINIS,FEBRUARI,10.0
15,KESEHATAN,IZIN PRAKTIK PEREKAM MEDIS DAN INFORMASI,FEBRUARI,5.0
16,KESEHATAN,IZIN PRAKTIK DOKTER UMUM,FEBRUARI,28.0
17,KESEHATAN,IZIN PRAKTIK DOKTER GIGI,FEBRUARI,19.0
18,KESEHATAN,IZIN PRAKTIK DOKTER SPESIALIS,FEBRUARI,57.0
19,KESEHATAN,IZIN PRAKTIK DOKTER SPESIALIS GIGI,FEBRUARI,12.0
20,KESEHATAN,IZIN PRAKTIK LAYANAN DARAH/ TRANSFUSI,FEBRUARI,8.0
21,KESEHATAN,IZIN PRAKTIK ELEKTROMEDIS,FEBRUARI,2.0
22,KESEHATAN,IZIN PRAKTIK / KERJA TENAGA GIZI,FEBRUARI,1.0
23,KESEHATAN,IZIN PRAKTIK PENATA ANESTESI,FEBRUARI,1.0
24,KESEHATAN,TEKNISI GIGI,FEBRUARI,0.0
25,KESEHATAN,ORTOTIK PROSTETIK,FEBRUARI,0.0
26,KESEHATAN,RADIOTERAPIS,FEBRUARI,0.0
27,KESEHATAN,AKUPUNKTUR,FEBRUARI,0.0
28,KESEHATAN,EPIDEMIOLOG KESEHATAN,FEBRUARI,0.0
29,KESEHATAN,TENAGA PROMOSI KESEHATAN DAN ILMU PERILAKU,FEBRUARI,0.0
30,KESEHATAN,PEMBIMBING KESEHATAN KERJA,FEBRUARI,0.0
31,KESEHATAN,TENAGA ADMINISTRASI DAN KEBIJAKAN KESEHATAN,FEBRUARI,0.0
32,KESEHATAN,TENAGA BIOSTATISTIK DAN KEPENDUDUKAN,FEBRUARI,0.0
33,KESEHATAN,TENAGA KESEHATAN REPRODUKSI DAN KELUARGA,FEBRUARI,0.0
34,KESEHATAN,ENTOMOLOG KESEHATAN,FEBRUARI,0.0
35,KESEHATAN,MIKROBIOLOG KESEHATAN,FEBRUARI,0.0
36,KESEHATAN,TEKNIS KARDIOVASKULER,FEBRUARI,0.0
37,KESEHATAN,AUDIOLOGIS,FEBRUARI,0.0
38,KESEHATAN,FISIKAWAN MEDIK,FEBRUARI,1.0
39,KESEHATAN,TENAGA KESEHATAN TRADISIONAL RAMUAN,FEBRUARI,0.0
40,KESEHATAN,TENAGA KESEHATAN TRADISIONAL KETRAMPILAN,FEBRUARI,0.0
41,KESEHATAN,IZIN PRAKTIK PERAWAT GIGI,FEBRUARI,0.0
42,PERTANIAN,IZIN PRAKTEK DOKTER HEWAN WARGA NEGARA INDONESIA,FEBRUARI,0.0
43,PERTANIAN,IZIN PRAKTEK DOKTER HEWAN WARGA NEGARA ASING,FEBRUARI,0.0
44,PERTANIAN,IZIN PRAKTEK PARAMEDIK VETERINER KESEHATAN HEWAN,FEBRUARI,0.0
45,PERTANIAN,IZIN  PRAKTIK PARAMEDIK INSEMINATOR  ,FEBRUARI,0.0
46,PERTANIAN,IZIN PRAKTEK PARAMEDIK VETERINER PEMERIKSAAN KEBUNTINGAN,FEBRUARI,0.0
47,PERTANIAN,IZIN PRAKTEK PARAMEDIK VETERINER ASISTEN TEKNIS REPRODUKSI,FEBRUARI,0.0
48,PERTANIAN,SURAT KETERANGAN PEMENUHAN TEMPAT PRAKTIK DOKTER HEWAN,FEBRUARI,0.0
49,PENDIDIKAN,"IZIN PENDIRIAN SATUAN PENDIDIKAN NON FORMAL (TPA, SPS, KB, BIMBEL, LKP, TK)",FEBRUARI,2.0
50,PENDIDIKAN,"IZIN PENDIRIAN SATUAN PENDIDIKAN (SD,SMP)",FEBRUARI,0.0
51,PENDIDIKAN,IZIN KULIAH KERJA NYATA,FEBRUARI,0.0
52,PENDIDIKAN,SURAT KETERANGAN PENELITIAN,FEBRUARI,0.0
53,TATA RUANG,KONFIRMASI KKPR NON BERUSAHA,FEBRUARI,97.0
54,TATA RUANG,PERSETUJUAN KKPR NON BERUSAHA,FEBRUARI,9.0
55,TATA RUANG,PEMUTAKHIRAN KONFIRMASI KKPR,FEBRUARI,0.0
56,TATA RUANG,KETERANGAN RENCANA KABUPATEN,FEBRUARI,60.0
57,PEKERJAAN UMUM,IZIN MENGGUNAKAN RUANG MILIK JALAN UNTUK UTILITAS/MEDIA IKLAN/JALAN MASUK (IN GANG),FEBRUARI,8.0
58,PEKERJAAN UMUM,IZIN PENUTUPAN SALURAN DRAINASE,FEBRUARI,3.0
59,PEKERJAAN UMUM,IZIN PENUTUPAN SALURAN IRIGASI DAN SEMPADAN SALURAN IRIGASI,FEBRUARI,15.0
60,PEKERJAAN UMUM,IZIN PEMINDAHAN SALURAN IRIGASI,FEBRUARI,1.0
61,PEKERJAAN UMUM,IZIN REKLAME,FEBRUARI,19.0
62,PEKERJAAN UMUM,PERSETUJUAN BANGUNAN GEDUNG,FEBRUARI,157.0
63,PERHUBUNGAN,IZIN PENYELENGGARAAN FASILITAS PARKIR (RETRIBUSI PARKIR),FEBRUARI,0.0
64,PERHUBUNGAN,IZIN TRAYEK,FEBRUARI,0.0
65,SOSIAL,TANDA DAFTAR LEMBAGA KESEJAHTERAAN SOSIAL,FEBRUARI,0.0
66,TENAGA KERJA,TANDA DAFTAR BURSA KERJA KHUSUS,FEBRUARI,0.0
67,LINGKUNGAN HIDUP,IZIN SAMBUNGAN RUMAH AIR LIMBAH DOMESTIK,FEBRUARI,0.0
68,PERDAGANGAN,TANDA DAFTAR GUDANG,FEBRUARI,0.0
69,PERDAGANGAN,SIUPMB GOL B DAN C,FEBRUARI,0.0
70,PERDAGANGAN,SURAT KETERANGAN PENDIRIAN TOKO SWALAYAN,FEBRUARI,0.0
J  U  M  L  A  H,,,FEBRUARI,778.0
,,,FEBRUARI,407.0
1,KESEHATAN,IZIN PRAKTIK BIDAN,MARET,19.0
2,KESEHATAN,IZIN PRAKTIK PERAWAT,MARET,122.0
3,KESEHATAN,IZIN PRAKTIK TERAPIS GIGI DAN MULUT ,MARET,11.0
4,KESEHATAN,IZIN PRAKTIK PERAWAT SPESIALIS,MARET,0.0
5,KESEHATAN,IZIN PRAKTIK TENAGA KEFARMASIAN,MARET,24.0
6,KESEHATAN,IZIN PRAKTIK FISIOTERAPIS,MARET,12.0
7,KESEHATAN,IZIN PRAKTIK RADIOGRAFER,MARET,2.0
8,KESEHATAN,IZIN PRAKTIK REFRAKSIONIS OPTISIEN,MARET,1.0
9,KESEHATAN,IZIN PRAKTIK OKUPASI TERAPIS ,MARET,3.0
10,KESEHATAN,IZIN PRAKTIK TERAPIS WICARA,MARET,2.0
11,KESEHATAN,IZIN PRAKTIK APOTEKER,MARET,38.0
12,KESEHATAN,IZIN PRAKTIK SANITARIAN/ TENAGA SANITASI LINGKUNGAN,MARET,3.0
13,KESEHATAN,IZIN PRAKTIK AHLI TEKNOLOGI LABORATORIUM MEDIK ,MARET,19.0
14,KESEHATAN,IZIN PRAKTIK PSIKOLOGIS KLINIS,MARET,7.0
15,KESEHATAN,IZIN PRAKTIK PEREKAM MEDIS DAN INFORMASI,MARET,12.0
16,KESEHATAN,IZIN PRAKTIK DOKTER UMUM,MARET,47.0
17,KESEHATAN,IZIN PRAKTIK DOKTER GIGI,MARET,18.0
18,KESEHATAN,IZIN PRAKTIK DOKTER SPESIALIS,MARET,76.0
19,KESEHATAN,IZIN PRAKTIK DOKTER SPESIALIS GIGI,MARET,2.0
20,KESEHATAN,IZIN PRAKTIK LAYANAN DARAH/ TRANSFUSI,MARET,2.0
21,KESEHATAN,IZIN PRAKTIK ELEKTROMEDIS,MARET,1.0
22,KESEHATAN,IZIN PRAKTIK / KERJA TENAGA GIZI,MARET,5.0
23,KESEHATAN,IZIN PRAKTIK PENATA ANESTESI,MARET,7.0
24,KESEHATAN,TEKNISI GIGI,MARET,0.0
25,KESEHATAN,ORTOTIK PROSTETIK,MARET,0.0
26,KESEHATAN,RADIOTERAPIS,MARET,0.0
27,KESEHATAN,AKUPUNKTUR,MARET,0.0
28,KESEHATAN,EPIDEMIOLOG KESEHATAN,MARET,0.0
29,KESEHATAN,TENAGA PROMOSI KESEHATAN DAN ILMU PERILAKU,MARET,0.0
30,KESEHATAN,PEMBIMBING KESEHATAN KERJA,MARET,0.0
31,KESEHATAN,TENAGA ADMINISTRASI DAN KEBIJAKAN KESEHATAN,MARET,0.0
32,KESEHATAN,TENAGA BIOSTATISTIK DAN KEPENDUDUKAN,MARET,0.0
33,KESEHATAN,TENAGA KESEHATAN REPRODUKSI DAN KELUARGA,MARET,0.0
34,KESEHATAN,ENTOMOLOG KESEHATAN,MARET,0.0
35,KESEHATAN,MIKROBIOLOG KESEHATAN,MARET,0.0
36,KESEHATAN,TEKNIS KARDIOVASKULER,MARET,0.0
37,KESEHATAN,AUDIOLOGIS,MARET,0.0
38,KESEHATAN,FISIKAWAN MEDIK,MARET,0.0
39,KESEHATAN,TENAGA KESEHATAN TRADISIONAL RAMUAN,MARET,0.0
40,KESEHATAN,TENAGA KESEHATAN TRADISIONAL KETRAMPILAN,MARET,0.0
41,KESEHATAN,IZIN PRAKTIK PERAWAT GIGI,MARET,0.0
42,PERTANIAN,IZIN PRAKTEK DOKTER HEWAN WARGA NEGARA INDONESIA,MARET,1.0
43,PERTANIAN,IZIN PRAKTEK DOKTER HEWAN WARGA NEGARA ASING,MARET,0.0
44,PERTANIAN,IZIN PRAKTEK PARAMEDIK VETERINER KESEHATAN HEWAN,MARET,0.0
45,PERTANIAN,IZIN  PRAKTIK PARAMEDIK INSEMINATOR  ,MARET,0.0
46,PERTANIAN,IZIN PRAKTEK PARAMEDIK VETERINER PEMERIKSAAN KEBUNTINGAN,MARET,0.0
47,PERTANIAN,IZIN PRAKTEK PARAMEDIK VETERINER ASISTEN TEKNIS REPRODUKSI,MARET,0.0
48,PERTANIAN,SURAT KETERANGAN PEMENUHAN TEMPAT PRAKTIK DOKTER HEWAN,MARET,0.0
49,PENDIDIKAN,"IZIN PENDIRIAN SATUAN PENDIDIKAN NON FORMAL (TPA, SPS, KB, BIMBEL, LKP, TK)",MARET,5.0
50,PENDIDIKAN,"IZIN PENDIRIAN SATUAN PENDIDIKAN (SD,SMP)",MARET,1.0
51,PENDIDIKAN,IZIN KULIAH KERJA NYATA,MARET,2.0
52,PENDIDIKAN,SURAT KETERANGAN PENELITIAN,MARET,0.0
53,TATA RUANG,KONFIRMASI KKPR NON BERUSAHA,MARET,190.0
54,TATA RUANG,PERSETUJUAN KKPR NON BERUSAHA,MARET,75.0
55,TATA RUANG,PEMUTAKHIRAN KONFIRMASI KKPR,MARET,0.0
56,TATA RUANG,KETERANGAN RENCANA KABUPATEN,MARET,28.0
57,PEKERJAAN UMUM,IZIN MENGGUNAKAN RUANG MILIK JALAN UNTUK UTILITAS/MEDIA IKLAN/JALAN MASUK (IN GANG),MARET,7.0
58,PEKERJAAN UMUM,IZIN PENUTUPAN SALURAN DRAINASE,MARET,8.0
59,PEKERJAAN UMUM,IZIN PENUTUPAN SALURAN IRIGASI DAN SEMPADAN SALURAN IRIGASI,MARET,22.0
60,PEKERJAAN UMUM,IZIN PEMINDAHAN SALURAN IRIGASI,MARET,4.0
61,PEKERJAAN UMUM,IZIN REKLAME,MARET,0.0
62,PEKERJAAN UMUM,PERSETUJUAN BANGUNAN GEDUNG,MARET,262.0
63,PERHUBUNGAN,IZIN PENYELENGGARAAN FASILITAS PARKIR (RETRIBUSI PARKIR),MARET,0.0
64,PERHUBUNGAN,IZIN TRAYEK,MARET,0.0
65,SOSIAL,TANDA DAFTAR LEMBAGA KESEJAHTERAAN SOSIAL,MARET,2.0
66,TENAGA KERJA,TANDA DAFTAR BURSA KERJA KHUSUS,MARET,0.0
67,LINGKUNGAN HIDUP,IZIN SAMBUNGAN RUMAH AIR LIMBAH DOMESTIK,MARET,0.0
68,PERDAGANGAN,TANDA DAFTAR GUDANG,MARET,0.0
69,PERDAGANGAN,SIUPMB GOL B DAN C,MARET,0.0
70,PERDAGANGAN,SURAT KETERANGAN PENDIRIAN TOKO SWALAYAN,MARET,0.0
J  U  M  L  A  H,,,MARET,1040.0
,,,MARET,46.0
1,KESEHATAN,IZIN PRAKTIK BIDAN,APRIL,29.0
2,KESEHATAN,IZIN PRAKTIK PERAWAT,APRIL,0.0
3,KESEHATAN,IZIN PRAKTIK TERAPIS GIGI DAN MULUT ,APRIL,3.0
4,KESEHATAN,IZIN PRAKTIK PERAWAT SPESIALIS,APRIL,0.0
5,KESEHATAN,IZIN PRAKTIK TENAGA KEFARMASIAN,APRIL,29.0
6,KESEHATAN,IZIN PRAKTIK FISIOTERAPIS,APRIL,6.0
7,KESEHATAN,IZIN PRAKTIK RADIOGRAFER,APRIL,2.0
8,KESEHATAN,IZIN PRAKTIK REFRAKSIONIS OPTISIEN,APRIL,1.0
9,KESEHATAN,IZIN PRAKTIK OKUPASI TERAPIS ,APRIL,3.0
10,KESEHATAN,IZIN PRAKTIK TERAPIS WICARA,APRIL,6.0
11,KESEHATAN,IZIN PRAKTIK APOTEKER,APRIL,34.0
12,KESEHATAN,IZIN PRAKTIK SANITARIAN/ TENAGA SANITASI LINGKUNGAN,APRIL,1.0
13,KESEHATAN,IZIN PRAKTIK AHLI TEKNOLOGI LABORATORIUM MEDIK ,APRIL,18.0
14,KESEHATAN,IZIN PRAKTIK PSIKOLOGIS KLINIS,APRIL,6.0
15,KESEHATAN,IZIN PRAKTIK PEREKAM MEDIS DAN INFORMASI,APRIL,7.0
16,KESEHATAN,IZIN PRAKTIK DOKTER UMUM,APRIL,29.0
17,KESEHATAN,IZIN PRAKTIK DOKTER GIGI,APRIL,20.0
18,KESEHATAN,IZIN PRAKTIK DOKTER SPESIALIS,APRIL,63.0
19,KESEHATAN,IZIN PRAKTIK DOKTER SPESIALIS GIGI,APRIL,8.0
20,KESEHATAN,IZIN PRAKTIK LAYANAN DARAH/ TRANSFUSI,APRIL,6.0
21,KESEHATAN,IZIN PRAKTIK ELEKTROMEDIS,APRIL,0.0
22,KESEHATAN,IZIN PRAKTIK / KERJA TENAGA GIZI,APRIL,4.0
23,KESEHATAN,IZIN PRAKTIK PENATA ANESTESI,APRIL,2.0
24,KESEHATAN,TEKNISI GIGI,APRIL,0.0
25,KESEHATAN,ORTOTIK PROSTETIK,APRIL,0.0
26,KESEHATAN,RADIOTERAPIS,APRIL,0.0
27,KESEHATAN,AKUPUNKTUR,APRIL,0.0
28,KESEHATAN,EPIDEMIOLOG KESEHATAN,APRIL,0.0
29,KESEHATAN,TENAGA PROMOSI KESEHATAN DAN ILMU PERILAKU,APRIL,0.0
30,KESEHATAN,PEMBIMBING KESEHATAN KERJA,APRIL,0.0
31,KESEHATAN,TENAGA ADMINISTRASI DAN KEBIJAKAN KESEHATAN,APRIL,0.0
32,KESEHATAN,TENAGA BIOSTATISTIK DAN KEPENDUDUKAN,APRIL,0.0
33,KESEHATAN,TENAGA KESEHATAN REPRODUKSI DAN KELUARGA,APRIL,0.0
34,KESEHATAN,ENTOMOLOG KESEHATAN,APRIL,0.0
35,KESEHATAN,MIKROBIOLOG KESEHATAN,APRIL,0.0
36,KESEHATAN,TEKNIS KARDIOVASKULER,APRIL,0.0
37,KESEHATAN,AUDIOLOGIS,APRIL,0.0
38,KESEHATAN,FISIKAWAN MEDIK,APRIL,1.0
39,KESEHATAN,TENAGA KESEHATAN TRADISIONAL RAMUAN,APRIL,0.0
40,KESEHATAN,TENAGA KESEHATAN TRADISIONAL KETRAMPILAN,APRIL,0.0
41,KESEHATAN,IZIN PRAKTIK PERAWAT GIGI,APRIL,0.0
42,PERTANIAN,IZIN PRAKTEK DOKTER HEWAN WARGA NEGARA INDONESIA,APRIL,5.0
43,PERTANIAN,IZIN PRAKTEK DOKTER HEWAN WARGA NEGARA ASING,APRIL,0.0
44,PERTANIAN,IZIN PRAKTEK PARAMEDIK VETERINER KESEHATAN HEWAN,APRIL,0.0
45,PERTANIAN,IZIN  PRAKTIK PARAMEDIK INSEMINATOR  ,APRIL,0.0
46,PERTANIAN,IZIN PRAKTEK PARAMEDIK VETERINER PEMERIKSAAN KEBUNTINGAN,APRIL,0.0
47,PERTANIAN,IZIN PRAKTEK PARAMEDIK VETERINER ASISTEN TEKNIS REPRODUKSI,APRIL,0.0
48,PERTANIAN,SURAT KETERANGAN PEMENUHAN TEMPAT PRAKTIK DOKTER HEWAN,APRIL,0.0
49,PENDIDIKAN,"IZIN PENDIRIAN SATUAN PENDIDIKAN NON FORMAL (TPA, SPS, KB, BIMBEL, LKP, TK)",APRIL,10.0
50,PENDIDIKAN,"IZIN PENDIRIAN SATUAN PENDIDIKAN (SD,SMP)",APRIL,0.0
51,PENDIDIKAN,IZIN KULIAH KERJA NYATA,APRIL,0.0
52,PENDIDIKAN,SURAT KETERANGAN PENELITIAN,APRIL,2.0
53,TATA RUANG,KONFIRMASI KKPR NON BERUSAHA,APRIL,40.0
54,TATA RUANG,PERSETUJUAN KKPR NON BERUSAHA,APRIL,10.0
55,TATA RUANG,PEMUTAKHIRAN KONFIRMASI KKPR,APRIL,0.0
56,TATA RUANG,KETERANGAN RENCANA KABUPATEN,APRIL,36.0
57,PEKERJAAN UMUM,IZIN MENGGUNAKAN RUANG MILIK JALAN UNTUK UTILITAS/MEDIA IKLAN/JALAN MASUK (IN GANG),APRIL,1.0
58,PEKERJAAN UMUM,IZIN PENUTUPAN SALURAN DRAINASE,APRIL,0.0
59,PEKERJAAN UMUM,IZIN PENUTUPAN SALURAN IRIGASI DAN SEMPADAN SALURAN IRIGASI,APRIL,8.0
60,PEKERJAAN UMUM,IZIN PEMINDAHAN SALURAN IRIGASI,APRIL,1.0
61,PEKERJAAN UMUM,IZIN REKLAME,APRIL,0.0
62,PEKERJAAN UMUM,PERSETUJUAN BANGUNAN GEDUNG,APRIL,251.0
63,PERHUBUNGAN,IZIN PENYELENGGARAAN FASILITAS PARKIR (RETRIBUSI PARKIR),APRIL,0.0
64,PERHUBUNGAN,IZIN TRAYEK,APRIL,0.0
65,SOSIAL,TANDA DAFTAR LEMBAGA KESEJAHTERAAN SOSIAL,APRIL,2.0
66,TENAGA KERJA,TANDA DAFTAR BURSA KERJA KHUSUS,APRIL,0.0
67,LINGKUNGAN HIDUP,IZIN SAMBUNGAN RUMAH AIR LIMBAH DOMESTIK,APRIL,0.0
68,PERDAGANGAN,TANDA DAFTAR GUDANG,APRIL,0.0
69,PERDAGANGAN,SIUPMB GOL B DAN C,APRIL,2.0
70,PERDAGANGAN,SURAT KETERANGAN PENDIRIAN TOKO SWALAYAN,APRIL,0.0
J  U  M  L  A  H,,,APRIL,646.0
